{
	"schemaVersion": 1,
	"id": "dupe-mod",
	"version": "${version}",
	"name": "dupe mod",
	"description": "This is an example description! Tell everyone what your mod is about!",
	"authors": [
		"Me!"
	],
	"contact": {
		"homepage": "https://fabricmc.net/",
		"sources": "https://github.com/FabricMC/fabric-example-mod"
	},
	"license": "CC0-1.0",
	"icon": "assets/dupe-mod/icon.png",
	"environment": "*",
	"entrypoints": {
		"main": [
			"com.dupe.DupeMod"
		],
		"client": [
			"com.dupe.DupeModClient"
		]
	},
	"mixins": [
		"dupe-mod.mixins.json",
		{
			"config": "dupe-mod.client.mixins.json",
			"environment": "client"
		}
	],
	"depends": {
		"fabricloader": ">=0.16.7",
		"minecraft": "~1.21.1",
		"java": ">=21",
		"fabric-api": "*"
	},
	"suggests": {
		"another-mod": "*"
	}
}